,title,studio,gross,total theaters,opening gross,opening theaters,release
0,Star Wars: The Force Awakens,BV,935832841.0,4134.0,247966675.0,4134.0,2015-12-18
1,Jurassic World,Uni.,652270625.0,4291.0,208806270.0,4274.0,2015-06-12
2,Avengers: Age of Ultron,BV,459005868.0,4276.0,191271109.0,4276.0,2015-05-01
3,Inside Out,BV,356461711.0,4158.0,90440272.0,3946.0,2015-06-19
4,Furious 7,Uni.,353007020.0,4022.0,147187040.0,4004.0,2015-04-03
5,Minions,Uni.,336045770.0,4311.0,115718405.0,4301.0,2015-07-10
6,The Hunger Games: Mockingjay - Part 2,LGF,281723902.0,4175.0,102665981.0,4175.0,2015-11-20
7,The Martian,Fox,228433663.0,3854.0,54308575.0,3831.0,2015-10-02
8,Cinderella (2015),BV,201151353.0,3848.0,67877361.0,3845.0,2015-03-13
9,Spectre,Sony,200074609.0,3929.0,70403148.0,3929.0,2015-11-06
10,Mission: Impossible - Rogue Nation,Par.,195042377.0,3988.0,55520089.0,3956.0,2015-07-31
11,Pitch Perfect 2,Uni.,184296230.0,3660.0,69216890.0,3473.0,2015-05-15
12,The Revenant,Fox,183287861.0,3711.0,474560.0,4.0,2015-12-25
13,Ant-Man,BV,180202163.0,3868.0,57225526.0,3856.0,2015-07-17
14,Home (2015),Fox,177397510.0,3801.0,52107731.0,3708.0,2015-03-27
15,Hotel Transylvania 2,Sony,169700110.0,3768.0,48464322.0,3754.0,2015-09-25
16,Fifty Shades of Grey,Uni.,166167230.0,3655.0,85171450.0,3646.0,2015-02-13
17,The SpongeBob Movie: Sponge Out of Water,Par.,162994032.0,3680.0,55365012.0,3641.0,2015-02-06
18,Straight Outta Compton,Uni.,161197785.0,3142.0,60200180.0,2757.0,2015-08-14
19,San Andreas,WB,155190832.0,3812.0,54588173.0,3777.0,2015-05-29
20,Mad Max: Fury Road,WB,153636354.0,3722.0,45428128.0,3702.0,2015-05-15
21,Daddy's Home,Par.,150357137.0,3483.0,38740203.0,3271.0,2015-12-25
22,The Divergent Series: Insurgent,LG/S,130179072.0,3875.0,52263680.0,3875.0,2015-03-20
23,The Peanuts Movie,Fox,130178411.0,3902.0,44213073.0,3897.0,2015-11-06
24,Kingsman: The Secret Service,Fox,128261724.0,3282.0,36206331.0,3204.0,2015-02-13
25,The Good Dinosaur,BV,123087120.0,3749.0,39155217.0,3749.0,2015-11-25
26,Spy,Fox,110825712.0,3715.0,29085719.0,3711.0,2015-06-05
27,Trainwreck,Uni.,110212700.0,3171.0,30097040.0,3158.0,2015-07-17
28,Creed,WB,109767581.0,3502.0,29632823.0,3404.0,2015-11-25
29,Tomorrowland,BV,93436322.0,3972.0,33028165.0,3972.0,2015-05-22
30,Get Hard,WB,90411453.0,3212.0,33803253.0,3175.0,2015-03-27
31,Terminator: Genisys,Par.,89760956.0,3783.0,27018486.0,3758.0,2015-07-01
32,Taken 3,Fox,89256424.0,3594.0,39201657.0,3594.0,2015-01-09
33,Sisters,Uni.,87044645.0,2978.0,13922855.0,2962.0,2015-12-18
34,Alvin and the Chipmunks: The Road Chip,Fox,85831416.0,3705.0,14287159.0,3653.0,2015-12-18
35,Maze Runner: The Scorch Trials,Fox,81697192.0,3792.0,30316510.0,3791.0,2015-09-18
36,Ted 2,Uni.,81476385.0,3448.0,33507870.0,3442.0,2015-06-26
37,Goosebumps,Sony,80080379.0,3618.0,23618556.0,3501.0,2015-10-16
38,Pixels,Sony,78747585.0,3723.0,24011616.0,3723.0,2015-07-24
39,Paddington,W/Dim.,76271832.0,3355.0,18966676.0,3303.0,2015-01-16
40,The Intern,WB,75764672.0,3320.0,17728313.0,3305.0,2015-09-25
41,Bridge of Spies,BV,72313754.0,2873.0,15371203.0,2811.0,2015-10-16
42,Paul Blart: Mall Cop 2,Sony,71038190.0,3633.0,23762435.0,3633.0,2015-04-17
43,The Big Short,Par.,70259870.0,2529.0,705527.0,8.0,2015-12-11
44,War Room,TriS,67790117.0,1945.0,11351389.0,1135.0,2015-08-28
45,Magic Mike XXL,WB,66013057.0,3376.0,12857184.0,3355.0,2015-07-01
46,The Visit,Uni.,65206105.0,3148.0,25427560.0,3069.0,2015-09-11
47,The Wedding Ringer,SGem,64460211.0,3003.0,20649306.0,3003.0,2015-01-16
48,Black Mass,WB,62575678.0,3188.0,22635037.0,3188.0,2015-09-18
49,Vacation,WB (NL),58884188.0,3430.0,14681108.0,3411.0,2015-07-29
50,The Perfect Guy,SGem,57027435.0,2230.0,25888154.0,2221.0,2015-09-11
51,Joy,Fox,56451232.0,2924.0,17015168.0,2896.0,2015-12-25
52,Fantastic Four,Fox,56117548.0,4004.0,25685737.0,3995.0,2015-08-07
53,The Hateful Eight,Wein.,54109204.0,2938.0,4610676.0,100.0,2015-12-25
54,Focus (2015),WB,53862963.0,3323.0,18685137.0,3323.0,2015-02-27
55,Southpaw,Wein.,52421953.0,2772.0,16701294.0,2772.0,2015-07-24
56,Insidious Chapter 3,Focus,52218558.0,3014.0,22692741.0,3002.0,2015-06-05
57,Poltergeist (2015),Fox,47425125.0,3242.0,22620386.0,3240.0,2015-05-22
58,Jupiter Ascending,WB,47387723.0,3181.0,18372372.0,3181.0,2015-02-06
59,Sicario,LGF,46889293.0,2620.0,401288.0,6.0,2015-09-18
60,The Man From U.N.C.L.E.,WB,45445109.0,3673.0,13421036.0,3638.0,2015-08-14
61,Spotlight,ORF,44829016.0,1227.0,295009.0,5.0,2015-11-06
62,"McFarland, USA",BV,44482410.0,2792.0,11020798.0,2755.0,2015-02-20
63,The Gift (2015),STX,43787265.0,2503.0,11854273.0,2503.0,2015-08-07
64,Everest (2015),Uni.,43482270.0,3009.0,7222035.0,545.0,2015-09-18
65,The Night Before,Sony,43047372.0,2960.0,9880536.0,2960.0,2015-11-20
66,Krampus,Uni.,42725475.0,2919.0,16293325.0,2902.0,2015-12-04
67,Max (2015),WB,42656255.0,2870.0,12155254.0,2855.0,2015-06-26
68,The Age of Adaline,LGF,42629776.0,3070.0,13203458.0,2991.0,2015-04-24
69,Brooklyn,FoxS,38231771.0,962.0,187281.0,5.0,2015-11-04
70,The Longest Ride,Fox,37446117.0,3371.0,13019686.0,3366.0,2015-04-10
71,The Boy Next Door,Uni.,35423380.0,2615.0,14910105.0,2602.0,2015-01-23
72,Pan,WB,35088320.0,3515.0,15315435.0,3515.0,2015-10-09
73,Hot Pursuit,WB,34580201.0,3037.0,13942258.0,3003.0,2015-05-08
74,Concussion (2015),Sony,34542474.0,2841.0,10513749.0,2841.0,2015-12-25
75,The DUFF,LGF,34030343.0,2622.0,10809149.0,2575.0,2015-02-20
76,Woman in Gold,Wein.,33307793.0,2011.0,2091551.0,258.0,2015-04-01
77,The Second Best Exotic Marigold Hotel,FoxS,33078266.0,2022.0,8540370.0,1573.0,2015-03-06
78,Unfriended,Uni.,32482090.0,2775.0,15845115.0,2739.0,2015-04-17
79,Entourage,WB,32363404.0,3108.0,10283250.0,3108.0,2015-06-03
80,Paper Towns,Fox,32000304.0,3031.0,12650140.0,3031.0,2015-07-24
81,Chappie,Sony,31569268.0,3201.0,13346782.0,3201.0,2015-03-06
82,Crimson Peak,Uni.,31090320.0,2991.0,13143310.0,2984.0,2015-10-16
83,A Walk in the Woods,BG,29504281.0,2158.0,8246267.0,1960.0,2015-09-02
84,Point Break (2015),WB,28782481.0,2910.0,9800252.0,2910.0,2015-12-25
85,Sinister 2,Focus,27740955.0,2799.0,10542116.0,2766.0,2015-08-21
86,The Last Witch Hunter,LG/S,27367660.0,3082.0,10812861.0,3082.0,2015-10-23
87,No Escape,Wein.,27288872.0,3415.0,8111264.0,3355.0,2015-08-26
88,Ricki and the Flash,TriS,26822144.0,2064.0,6610961.0,1603.0,2015-08-07
89,The Woman in Black 2: Angel of Death,Rela.,26501323.0,2602.0,15027415.0,2602.0,2015-01-02
90,Run All Night,WB,26461644.0,3171.0,11012305.0,3171.0,2015-03-13
91,Love the Coopers,LGF,26302731.0,2603.0,8317545.0,2603.0,2015-11-13
92,The Lazarus Effect,Rela.,25801047.0,2666.0,10203437.0,2666.0,2015-02-27
93,Ex Machina,A24,25442958.0,2004.0,237264.0,4.0,2015-04-10
94,In the Heart of the Sea,WB,25020758.0,3103.0,11053366.0,3103.0,2015-12-11
95,The Gallows,WB,22764410.0,2720.0,9808463.0,2720.0,2015-07-10
96,Hitman: Agent 47,Fox,22467450.0,3273.0,8326530.0,3261.0,2015-08-21
97,Project Almanac,Par.,22348241.0,2900.0,8310252.0,2893.0,2015-01-30
98,Black or White,Rela.,21571189.0,1823.0,6213362.0,1823.0,2015-01-30
99,Aloha,Sony,21067116.0,2815.0,9670235.0,2815.0,2015-05-29
100,,,,,,,
101,"$11,092,426,656",-,,,,,
102,"$15,891,729",-,,,,,
103,,,,,,,
104,"Data as of:  Today  Today in 2015  Jan. 31, 2015  Feb. 28, 2015  Mar. 31, 2015  Apr. 30, 2015  May 31, 2015  Jun. 30, 2015  Jul. 31, 2015  Aug. 31, 2015  Sep. 30, 2015  Oct. 31, 2015  Nov. 30, 2015  Dec. 31, 2015  Specify Date  About this feature  or (  Month  Jan.  Feb.  Mar.  Apr.  May  Jun.  Jul.  Aug.  Sep.  Oct.  Nov.  Dec.  / Day  1  2  3  4  5  6  7  8  9  10  11  12  13  14  15  16  17  18  19  20  21  22  23  24  25  26  27  28  29  30  31  / 2015  2016  )","Data as of:  Today  Today in 2015  Jan. 31, 2015  Feb. 28, 2015  Mar. 31, 2015  Apr. 30, 2015  May 31, 2015  Jun. 30, 2015  Jul. 31, 2015  Aug. 31, 2015  Sep. 30, 2015  Oct. 31, 2015  Nov. 30, 2015  Dec. 31, 2015  Specify Date  About this feature  or (  Month  Jan.  Feb.  Mar.  Apr.  May  Jun.  Jul.  Aug.  Sep.  Oct.  Nov.  Dec.  / Day  1  2  3  4  5  6  7  8  9  10  11  12  13  14  15  16  17  18  19  20  21  22  23  24  25  26  27  28  29  30  31  / 2015  2016  )",,,,,
105,,,,,,,
106,The Secret in their Eyes (2015),STX,20180155.0,2392.0,6652996.0,2392.0,2015-11-20
107,Shaun the Sheep Movie,LGF,19375982.0,2360.0,4038962.0,2320.0,2015-08-05
108,Still Alice,SPC,18754371.0,1318.0,197000.0,12.0,2015-01-16
109,Paranormal Activity: The Ghost Dimension,Par.,18300124.0,1656.0,8070493.0,1656.0,2015-10-23
110,Steve Jobs,Uni.,17766658.0,2493.0,521522.0,4.0,2015-10-09
111,Mr. Holmes,RAtt.,17737646.0,898.0,2434908.0,361.0,2015-07-17
112,Dope,ORF,17506470.0,2002.0,6100010.0,2002.0,2015-06-19
113,Seventh Son,Uni.,17223265.0,2875.0,7217640.0,2875.0,2015-02-06
114,Monkey Kingdom,BV,16432322.0,2012.0,4577861.0,2012.0,2015-04-17
115,The Transporter Refueled,EC,16029670.0,3434.0,7355622.0,3434.0,2015-09-04
116,Room,A24,14674733.0,862.0,118298.0,4.0,2015-10-16
117,It Follows,RTWC,14674076.0,1655.0,160089.0,4.0,2015-03-13
118,American Ultra,LGF,14440985.0,2778.0,5454284.0,2778.0,2015-08-21
119,Woodlawn,PFR,14394097.0,1553.0,4002226.0,1553.0,2015-10-16
120,Burnt,Wein.,13651946.0,3003.0,5002521.0,3003.0,2015-10-30
121,Do You Believe?,PFR,12985600.0,1356.0,3591282.0,1320.0,2015-03-20
122,Carol,Wein.,12711491.0,790.0,253510.0,4.0,2015-11-20
123,Love & Mercy,RAtt.,12551031.0,791.0,2122177.0,481.0,2015-06-05
124,Strange Magic,BV,12429583.0,3020.0,5504441.0,3020.0,2015-01-23
125,Hot Tub Time Machine 2,Par.,12314651.0,2901.0,5963324.0,2880.0,2015-02-20
126,Self/Less,Focus,12279691.0,2353.0,5403460.0,2353.0,2015-07-10
127,Far from the Madding Crowd,FoxS,12236500.0,902.0,164985.0,10.0,2015-05-01
128,The 33,WB,12227722.0,2452.0,5787266.0,2452.0,2015-11-13
129,The Danish Girl,Focus,11114018.0,794.0,187318.0,4.0,2015-11-27
130,The Gunman,ORF,10664749.0,2816.0,5028702.0,2816.0,2015-03-20
131,Unfinished Business,Fox,10219501.0,2777.0,4772613.0,2777.0,2015-03-06
132,The Walk,TriS,10137502.0,2509.0,1560299.0,448.0,2015-09-30
133,The Lady in the Van,SPC,9738796.0,602.0,,,2015-12-04
134,Un Gallo con Muchos Huevos,LGF,9080818.0,616.0,3424702.0,395.0,2015-09-04
135,Amy,A24,8413144.0,435.0,222500.0,6.0,2015-07-03
136,Bajrangi Bhaijaan,Eros,8178001.0,257.0,2621282.0,257.0,2015-07-17
137,Dragon Ball Z: Resurrection 'F',FUN,8008363.0,913.0,1817937.0,183.0,2015-08-04
138,Blackhat,Uni.,8005980.0,2568.0,3901815.0,2567.0,2015-01-16
139,Trumbo (2015),BST,7857741.0,660.0,74177.0,5.0,2015-11-06
140,Mortdecai,LGF,7696134.0,2648.0,4200586.0,2648.0,2015-01-23
141,While We're Young,A24,7587485.0,762.0,227688.0,4.0,2015-03-27
142,I'll See You In My Dreams,BST,7449681.0,290.0,52091.0,3.0,2015-05-15
143,The Green Inferno,HTR,7192291.0,1543.0,3520626.0,1540.0,2015-09-25
144,Our Brand Is Crisis (2015),WB,7002261.0,2202.0,3238433.0,2202.0,2015-10-30
145,Grandma (2015),SPC,6980524.0,1061.0,115540.0,4.0,2015-08-21
146,Me and Earl and the Dying Girl,FoxS,6758416.0,870.0,196496.0,15.0,2015-06-12
147,Baahubali: The Beginning,BSC,6738000.0,236.0,3575000.0,236.0,2015-07-09
148,Bajirao Mastani,Eros,6557047.0,304.0,1744975.0,304.0,2015-12-18
149,Little Boy,ORF,6485961.0,1045.0,2750356.0,1045.0,2015-04-24
150,The Loft,ORF,6002684.0,1841.0,2747342.0,1841.0,2015-01-30
151,Victor Frankenstein,Fox,5775076.0,2797.0,2469341.0,2797.0,2015-11-25
152,Danny Collins,BST,5637066.0,739.0,72459.0,5.0,2015-03-20
153,Dilwale,UTV,4871263.0,268.0,1920402.0,268.0,2015-12-17
154,90 Minutes in Heaven,Gold.,4842699.0,899.0,2035273.0,878.0,2015-09-11
155,True Story,FoxS,4719695.0,856.0,1950214.0,831.0,2015-04-17
156,Suffragette,Focus,4702420.0,517.0,76244.0,4.0,2015-10-23
157,Prem Ratan Dhan Payo,FIP,4364639.0,287.0,2425585.0,287.0,2015-11-12
158,45 Years,IFC,4247285.0,251.0,65775.0,3.0,2015-12-23
159,The Water Diviner,WB,4196641.0,385.0,1220335.0,320.0,2015-04-24
160,Irrational Man,SPC,4030360.0,925.0,175312.0,7.0,2015-07-17
161,Anomalisa,Par.,3759286.0,573.0,135222.0,4.0,2015-12-30
162,Scouts Guide to the Zombie Apocalypse,Par.,3703046.0,1509.0,1841007.0,1509.0,2015-10-30
163,A La Mala,LGF,3629842.0,384.0,1402118.0,384.0,2015-02-27
164,Spare Parts,LGF,3618912.0,440.0,1335768.0,440.0,2015-01-16
165,We Are Your Friends,WB,3591417.0,2333.0,1767308.0,2333.0,2015-08-28
166,What We Do in the Shadows,U/P,3469224.0,154.0,88940.0,5.0,2015-02-13
167,Learning to Drive,BG,3447633.0,339.0,66015.0,4.0,2015-08-21
168,Phoenix (2015),IFC,3184472.0,197.0,30296.0,2.0,2015-07-24
169,Wild Tales,SPC,3106530.0,122.0,85100.0,4.0,2015-02-20
170,Dil Dhadakne Do,Eros,3066100.0,238.0,1326267.0,238.0,2015-06-05
171,Ladrones,LGF,3063505.0,375.0,1411031.0,375.0,2015-10-09
172,Tanu Weds Manu Returns,Eros,3044347.0,136.0,1006476.0,136.0,2015-05-22
173,Rock The Kasbah,ORF,3020664.0,2012.0,1470592.0,2012.0,2015-10-23
174,The End of the Tour,A24,3002884.0,355.0,123238.0,4.0,2015-07-31
175,Youth,FoxS,2703296.0,149.0,78085.0,4.0,2015-12-04
176,He Named Me Malala,FoxS,2668936.0,477.0,61808.0,4.0,2015-10-02
177,Chi-Raq,RAtt.,2653032.0,305.0,1198453.0,305.0,2015-12-04
178,Captive (2015),Par.,2583301.0,807.0,1393243.0,806.0,2015-09-18
179,Truth,SPC,2541854.0,1122.0,66232.0,6.0,2015-10-16
180,Mistress America,FoxS,2500431.0,512.0,93206.0,4.0,2015-08-14
181,Pawn Sacrifice,BST,2436633.0,781.0,202053.0,33.0,2015-09-16
182,2015 Oscar Nominated Short Films,Shrts.,2412593.0,280.0,416850.0,118.0,2015-01-30
183,Meru,MBox,2334228.0,176.0,91279.0,7.0,2015-08-14
184,My All American,CE,2246000.0,1565.0,1365000.0,1565.0,2015-11-13
185,Jem and the Holograms,Uni.,2184640.0,2417.0,1375320.0,2413.0,2015-10-23
186,Tamasha,UTV,2065487.0,182.0,1006059.0,182.0,2015-11-25
187,Cake,CLF,1951776.0,482.0,916179.0,482.0,2015-01-23
188,Old Fashioned,Free,1914090.0,298.0,38965.0,3.0,2015-02-06
189,Assassination (2015),WGUSA,1904682.0,33.0,287700.0,33.0,2015-08-07
190,Game of Thrones (IMAX),WB,1896092.0,205.0,1464932.0,205.0,2015-01-30
191,Legend,Uni.,1872994.0,107.0,86836.0,4.0,2015-11-20
192,Clouds of Sils Maria,IFC,1851517.0,187.0,61810.0,3.0,2015-04-10
193,Testament of Youth,SPC,1822250.0,104.0,53000.0,4.0,2015-06-05
194,Piku,Yash,1801807.0,124.0,941490.0,119.0,2015-05-08
195,The Vatican Tapes,LGF,1784763.0,427.0,832271.0,427.0,2015-07-24
196,Son of Saul,SPC,1767793.0,180.0,37930.0,3.0,2015-12-18
197,Meet the Patels,Alc,1700681.0,101.0,72180.0,5.0,2015-09-11
198,Back to the Future Day,UHE,1650000.0,1815.0,,,2015-10-21
199,The Letters,Free,1647416.0,886.0,700683.0,886.0,2015-12-04
200,The Diary of a Teenage Girl,SPC,1477002.0,795.0,52334.0,4.0,2015-08-07
201,I (2015),AaF,1449232.0,222.0,771312.0,222.0,2015-01-13
202,Infinitely Polar Bear,SPC,1430655.0,110.0,47000.0,5.0,2015-06-19
203,Mr. Six,CL,1415450.0,32.0,332117.0,30.0,2015-12-24
204,99 Homes,BG,1411927.0,691.0,32253.0,2.0,2015-09-25
205,Welcome Back,Eros,1388365.0,135.0,714235.0,135.0,2015-09-04
206,,,,,,,
207,"$11,092,426,656",-,,,,,
208,"$15,891,729",-,,,,,
209,,,,,,,
210,"Data as of:  Today  Today in 2015  Jan. 31, 2015  Feb. 28, 2015  Mar. 31, 2015  Apr. 30, 2015  May 31, 2015  Jun. 30, 2015  Jul. 31, 2015  Aug. 31, 2015  Sep. 30, 2015  Oct. 31, 2015  Nov. 30, 2015  Dec. 31, 2015  Specify Date  About this feature  or (  Month  Jan.  Feb.  Mar.  Apr.  May  Jun.  Jul.  Aug.  Sep.  Oct.  Nov.  Dec.  / Day  1  2  3  4  5  6  7  8  9  10  11  12  13  14  15  16  17  18  19  20  21  22  23  24  25  26  27  28  29  30  31  / 2015  2016  )","Data as of:  Today  Today in 2015  Jan. 31, 2015  Feb. 28, 2015  Mar. 31, 2015  Apr. 30, 2015  May 31, 2015  Jun. 30, 2015  Jul. 31, 2015  Aug. 31, 2015  Sep. 30, 2015  Oct. 31, 2015  Nov. 30, 2015  Dec. 31, 2015  Specify Date  About this feature  or (  Month  Jan.  Feb.  Mar.  Apr.  May  Jun.  Jul.  Aug.  Sep.  Oct.  Nov.  Dec.  / Day  1  2  3  4  5  6  7  8  9  10  11  12  13  14  15  16  17  18  19  20  21  22  23  24  25  26  27  28  29  30  31  / 2015  2016  )",,,,,
211,,,,,,,
212,The Cokeville Miracle,Excel,1348456.0,51.0,159468.0,51.0,2015-06-05
213,The Salt of the Earth,SPC,1343349.0,80.0,44900.0,4.0,2015-03-27
214,Iris (2015),Magn.,1310678.0,92.0,57254.0,6.0,2015-04-29
215,Lost in Hong Kong,WGUSA,1302281.0,34.0,537736.0,28.0,2015-09-25
216,The Wolfpack,Magn.,1301696.0,94.0,43920.0,2.0,2015-06-12
217,Goodbye Mr. Loser,CL,1293626.0,40.0,363949.0,22.0,2015-10-09
218,'71,RAtt.,1270847.0,121.0,55761.0,4.0,2015-02-27
219,Mojin: The Lost Legend,WGUSA,1243810.0,27.0,279974.0,22.0,2015-12-18
220,Beyond the Mask,Gathr,1236094.0,181.0,18801.0,17.0,2015-04-06
221,Child 44,LG/S,1224330.0,510.0,621812.0,510.0,2015-04-17
222,Veteran,CJ,1200627.0,46.0,371754.0,46.0,2015-09-18
223,Goodnight Mommy,RTWC,1178196.0,90.0,63641.0,4.0,2015-09-11
224,Black Sea,Focus,1171559.0,353.0,37675.0,5.0,2015-01-23
225,Miss You Already,RAtt.,1162653.0,384.0,552506.0,384.0,2015-11-06
226,Where Hope Grows,RAtt.,1156000.0,276.0,457287.0,276.0,2015-05-15
227,Macbeth (2015),Wein.,1110707.0,108.0,69833.0,5.0,2015-12-04
228,The Overnight,Orch.,1110522.0,307.0,53022.0,3.0,2015-06-19
229,Timbuktu,Cohen,1076075.0,56.0,45110.0,4.0,2015-01-28
230,Dior and I,Orch.,1028953.0,105.0,45772.0,2.0,2015-04-10
231,5 Flights Up,Focus,1020921.0,94.0,238491.0,87.0,2015-05-08
232,Big Stone Gap,PH,1009301.0,280.0,362422.0,280.0,2015-10-09
233,Faith of Our Fathers,PFR,1004105.0,344.0,438000.0,344.0,2015-07-01
234,Gett: The Trial of Viviane Amsalem,MBox,988150.0,74.0,24210.0,2.0,2015-02-13
235,The 100-Year Old Man Who Climbed Out the Window and Disappeared,MBox,944193.0,76.0,,,2015-05-01
236,Boruto: Naruto the Movie,Elev.,919651.0,358.0,380419.0,140.0,2015-10-10
237,Singh is Bling,Eros,919095.0,135.0,487040.0,135.0,2015-10-02
238,Best of Enemies,Magn.,892802.0,69.0,50378.0,3.0,2015-07-31
239,ABCD (Any Body Can Dance) 2,UTV,892133.0,146.0,444195.0,146.0,2015-06-19
240,Mustang,Cohen,835318.0,57.0,20321.0,3.0,2015-11-20
241,Sleeping with Other People,IFC,819431.0,392.0,89102.0,5.0,2015-09-11
242,The Wrecking Crew,Magn.,801606.0,65.0,56858.0,7.0,2015-03-13
243,Labyrinth of Lies,SPC,794452.0,72.0,22101.0,3.0,2015-09-30
244,Seymour: An Introduction,IFC,743541.0,64.0,26587.0,2.0,2015-03-13
245,Once I Was a Beehive,Purd.,732655.0,32.0,48409.0,19.0,2015-08-14
246,Cartel Land,Orch.,704352.0,65.0,15581.0,2.0,2015-07-03
247,Tangerine,Magn.,702354.0,44.0,60683.0,4.0,2015-07-10
248,The Himalayas,CJ,696717.0,36.0,13387.0,3.0,2015-12-18
249,Red Army,SPC,694600.0,84.0,20100.0,3.0,2015-01-23
250,The D Train,IFC,673151.0,1009.0,447661.0,1009.0,2015-05-08
251,The Stanford Prison Experiment,IFC,660561.0,79.0,37514.0,2.0,2015-07-17
252,The Assassin,WGUSA,632542.0,53.0,47892.0,4.0,2015-10-16
253,"Kumiko, The Treasure Hunter",Ampl.,623383.0,71.0,34114.0,4.0,2015-03-18
254,Brothers: Blood Against Blood,FIP,613775.0,164.0,357404.0,164.0,2015-08-14
255,Welcome to Me,Alc,608852.0,119.0,34920.0,2.0,2015-05-01
256,Detective Byomkesh Bakshy,Yash,579055.0,82.0,338637.0,82.0,2015-04-03
257,Freeheld,LGF,573335.0,148.0,37983.0,5.0,2015-10-02
258,When Marnie Was There,GK,561085.0,57.0,27388.0,2.0,2015-05-22
259,Jimmy's Hall,SPC,560592.0,47.0,19881.0,3.0,2015-07-03
260,A Little Chaos,Focus,558173.0,87.0,181791.0,83.0,2015-06-26
261,Remember,EOne,547009.0,43.0,27006.0,27.0,2015-10-16
262,By the Sea,Uni.,538460.0,142.0,96250.0,10.0,2015-11-13
263,Gabbar is Back,Eros,534601.0,107.0,279429.0,107.0,2015-05-01
264,The Last - Naruto the Movie,Elev.,524451.0,34.0,179370.0,23.0,2015-02-20
265,Shaandaar,FIP,521794.0,136.0,384685.0,136.0,2015-10-22
266,Black Panthers: Vanguard of the Revolution,PBS,516893.0,12.0,20215.0,1.0,2015-09-02
267,Deli Man,Cohen,502294.0,38.0,37321.0,15.0,2015-02-27
268,Peggy Guggenheim Art Addict,SD,498428.0,25.0,22258.0,2.0,2015-11-06
269,Steve Jobs: The Man in the Machine,Magn.,494506.0,68.0,140064.0,68.0,2015-09-04
270,Phantom (2015),UTV,489984.0,93.0,266756.0,93.0,2015-08-28
271,Somewhere Only We Know,CL,482341.0,46.0,304934.0,46.0,2015-02-13
272,Brotherly Love,Free,478595.0,200.0,246902.0,200.0,2015-04-24
273,About Elly,CGld,470760.0,16.0,13180.0,1.0,2015-04-08
274,Let's Get Married,CL,462918.0,39.0,180929.0,39.0,2015-04-03
275,Bombay Velvet,FIP,450692.0,218.0,390774.0,218.0,2015-05-15
276,Attack on Titan: Part 1,FUN,449523.0,290.0,,,2015-09-30
277,The Third Man (2015 re-release),Rialto,449191.0,13.0,24832.0,3.0,2015-06-26
278,Felix and Meira,Osci.,447353.0,44.0,15000.0,1.0,2015-04-17
279,Rosenwald,CIE,433924.0,21.0,7902.0,1.0,2015-08-14
280,Saint Laurent,SPC,429477.0,59.0,36000.0,4.0,2015-05-08
281,Listen to Me Marlon,SHO,425831.0,38.0,30068.0,2.0,2015-07-29
282,Heart of a Dog,Abr.,420813.0,22.0,13893.0,1.0,2015-10-21
283,The Witness (Wo shi zheng ren),CL,418063.0,40.0,194736.0,40.0,2015-10-30
284,Unbranded,Grav.,410185.0,80.0,141416.0,80.0,2015-09-25
285,Badlapur,Eros,409166.0,82.0,227759.0,82.0,2015-02-20
286,The Hunting Ground,RTWC,405917.0,25.0,22464.0,2.0,2015-02-27
287,Janis: Little Girl Blue,FR,403821.0,26.0,21861.0,2.0,2015-11-27
288,The Apu Trilogy,Jan.,402723.0,10.0,16064.0,1.0,2015-05-08
289,Freetown,Purd.,401328.0,124.0,118553.0,124.0,2015-04-08
290,Coming Home (2015),SPC,377607.0,55.0,26361.0,3.0,2015-09-09
291,The Second Mother,Osci.,376986.0,223.0,24086.0,3.0,2015-08-28
292,Kahlil Gibran's The Prophet (Gathr),Gathr,370146.0,1.0,,,2015-10-01
293,Katti Batti,UTV,364932.0,127.0,239816.0,127.0,2015-09-18
294,Kahlil Gibran's The Prophet,GK,355343.0,37.0,27435.0,2.0,2015-08-07
295,Effie Gray,AF,352534.0,201.0,161728.0,201.0,2015-04-03
296,Maps to the Stars,Focus,350741.0,66.0,143422.0,66.0,2015-02-27
297,Noble,Asp.,347321.0,175.0,231319.0,175.0,2015-05-08
298,Talvar,Rel.,342370.0,51.0,144713.0,51.0,2015-10-02
299,Northern Limit Line,WGUSA,337907.0,13.0,108255.0,13.0,2015-07-17
300,Ballet 422,Magn.,333554.0,27.0,27653.0,2.0,2015-02-06
301,Shamitabh,Eros,324597.0,137.0,241720.0,137.0,2015-02-06
302,Jafar Panahi's Taxi,KL,321511.0,20.0,22531.0,3.0,2015-10-02
303,Good Kill,IFC,316472.0,143.0,17750.0,2.0,2015-05-15
304,David and Goliath,REI,316100.0,34.0,154901.0,31.0,2015-04-03
305,Running Man (2015),CL,310978.0,21.0,186926.0,20.0,2015-01-30
306,Merchants of Doubt,SPC,308156.0,30.0,20300.0,4.0,2015-03-06
307,Attack on Titan: Part 2,FUN,305934.0,230.0,12861.0,230.0,2015-10-20
308,NH10,Eros,303587.0,40.0,149546.0,40.0,2015-03-13
309,The Man in 3B,Free,291513.0,36.0,109043.0,36.0,2015-11-06
310,Above and Beyond,ICir,288751.0,13.0,6448.0,1.0,2015-01-30
311,Go Away Mr. Tumor,CL,286639.0,18.0,50036.0,15.0,2015-08-14
312,,,,,,,
313,"$11,092,426,656",-,,,,,
314,"$15,891,729",-,,,,,
315,,,,,,,
316,"Data as of:  Today  Today in 2015  Jan. 31, 2015  Feb. 28, 2015  Mar. 31, 2015  Apr. 30, 2015  May 31, 2015  Jun. 30, 2015  Jul. 31, 2015  Aug. 31, 2015  Sep. 30, 2015  Oct. 31, 2015  Nov. 30, 2015  Dec. 31, 2015  Specify Date  About this feature  or (  Month  Jan.  Feb.  Mar.  Apr.  May  Jun.  Jul.  Aug.  Sep.  Oct.  Nov.  Dec.  / Day  1  2  3  4  5  6  7  8  9  10  11  12  13  14  15  16  17  18  19  20  21  22  23  24  25  26  27  28  29  30  31  / 2015  2016  )","Data as of:  Today  Today in 2015  Jan. 31, 2015  Feb. 28, 2015  Mar. 31, 2015  Apr. 30, 2015  May 31, 2015  Jun. 30, 2015  Jul. 31, 2015  Aug. 31, 2015  Sep. 30, 2015  Oct. 31, 2015  Nov. 30, 2015  Dec. 31, 2015  Specify Date  About this feature  or (  Month  Jan.  Feb.  Mar.  Apr.  May  Jun.  Jul.  Aug.  Sep.  Oct.  Nov.  Dec.  / Day  1  2  3  4  5  6  7  8  9  10  11  12  13  14  15  16  17  18  19  20  21  22  23  24  25  26  27  28  29  30  31  / 2015  2016  )",,,,,
317,,,,,,,
318,Theeb,FM,283024.0,27.0,9181.0,3.0,2015-11-06
319,White God,Magn.,282358.0,29.0,16139.0,2.0,2015-03-27
320,A Borrowed Identity,Strand,281540.0,22.0,10308.0,1.0,2015-06-26
321,In the Name of my Daughter,Cohen,277528.0,50.0,14294.0,3.0,2015-05-15
322,Hitchcock/Truffaut,Cohen,260430.0,23.0,28178.0,3.0,2015-12-02
323,Love (2015),Alc,249083.0,25.0,29301.0,2.0,2015-10-30
324,Carter High,PN,240214.0,28.0,87274.0,21.0,2015-10-30
325,Tevar,Eros,236002.0,127.0,171026.0,127.0,2015-01-09
326,Hamari Adhuri Kahani,FIP,235361.0,67.0,131263.0,67.0,2015-06-12
327,20 Once Again,CJ,234573.0,13.0,92827.0,13.0,2015-01-16
328,Slow West,A24,229094.0,54.0,67003.0,50.0,2015-05-20
329,The Taking of Tiger Mountain,WGUSA,228984.0,13.0,50621.0,7.0,2015-01-02
330,A Royal Night Out,ADC,228136.0,158.0,100847.0,158.0,2015-12-04
331,A Pigeon Sat on a Branch Reflecting on Existence,Magn.,222989.0,17.0,25313.0,2.0,2015-06-03
332,Pyaar Ka Punchnama 2,Rel.,222856.0,49.0,107536.0,49.0,2015-10-16
333,Chocolate City,Free,212662.0,24.0,98829.0,15.0,2015-05-22
334,Fall in Love Like a Star,CL,212508.0,36.0,120074.0,36.0,2015-12-04
335,Wolf Totem,Sony,210591.0,5.0,,,2015-09-11
336,Dark Places,A24,208588.0,151.0,,151.0,2015-08-07
337,Heneral Luna,Abr.,206040.0,42.0,15485.0,3.0,2015-10-30
338,Escobar: Paradise Lost,RTWC,195792.0,105.0,106869.0,105.0,2015-06-26
339,Gemma Bovery,MBox,191533.0,29.0,19095.0,5.0,2015-05-29
340,The Connection,Drft.,190980.0,27.0,10335.0,2.0,2015-05-15
341,Love and Lost (Shi Gu),CL,188817.0,24.0,86048.0,24.0,2015-03-20
342,Stonewall (2015),RAtt.,187674.0,129.0,112834.0,129.0,2015-09-25
343,Maggie,RAtt.,187112.0,79.0,131175.0,79.0,2015-05-08
344,Detective K: Secret of the Lost Island,CJ,185367.0,19.0,57663.0,19.0,2015-03-06
345,The Priests,CJ,185093.0,13.0,,,2015-11-26
346,Lambert & Stamp,SPC,183320.0,31.0,13500.0,3.0,2015-04-03
347,An Honest Liar,Abr.,180590.0,15.0,13821.0,2.0,2015-03-06
348,Serena,Magn.,176391.0,59.0,100090.0,59.0,2015-03-27
349,The Young & Prodigious T.S. Spivet,Wein.,173564.0,100.0,33658.0,100.0,2015-07-31
350,The Farewell Party,Gold.,172860.0,14.0,7616.0,2.0,2015-05-22
351,All Things Must Pass,Grav.,172394.0,14.0,19001.0,2.0,2015-10-16
352,A Brilliant Young Mind,Gold.,171793.0,18.0,31408.0,3.0,2015-09-11
353,Time Out of Mind,IFC,166775.0,18.0,18934.0,3.0,2015-09-09
354,Snow Girl and the Dark Crystal,WGUSA,165428.0,24.0,73817.0,24.0,2015-02-27
355,3 Hearts,Cohen,164992.0,29.0,11794.0,1.0,2015-03-13
356,C'Est Si Bon,CJ,164167.0,23.0,,,2015-02-13
357,The Last Women Standing,CL,163406.0,17.0,73344.0,17.0,2015-11-11
358,5 to 7,IFC,162685.0,27.0,18006.0,2.0,2015-04-03
359,After The Ball,Free,161820.0,43.0,31718.0,41.0,2015-02-27
360,Human Capital,FM,158549.0,11.0,,,2015-01-09
361,Hell and Back,Free,157768.0,411.0,104374.0,411.0,2015-10-02
362,Experimenter,Magn.,155575.0,30.0,8682.0,3.0,2015-10-16
363,Desert Dancer,Rela.,155271.0,36.0,40763.0,23.0,2015-04-10
364,"Buen Dia, Ramon",FIP,154356.0,29.0,51105.0,15.0,2015-01-30
365,Backstreet Boys: Show 'Em What You're Made Of,Grav.,153068.0,60.0,153068.0,60.0,2015-01-30
366,Samba,BG,151530.0,27.0,24588.0,2.0,2015-07-24
367,The Tribe,Drft.,150564.0,13.0,11094.0,1.0,2015-06-17
368,Forever Young (2015),CL,149761.0,14.0,70047.0,14.0,2015-07-10
369,The New Girlfriend,Cohen,146754.0,45.0,39035.0,13.0,2015-09-18
370,The Last 5 Years,RTWC,145427.0,36.0,42042.0,3.0,2015-02-13
371,Tangerines,Gold.,144501.0,12.0,5180.0,1.0,2015-04-17
372,Yellow Day (2015),PFP,144163.0,40.0,26260.0,2.0,2015-12-11
373,Manglehorn,IFC,143101.0,27.0,11227.0,3.0,2015-06-19
374,Twenty (2015),CJ,136125.0,25.0,,,2015-04-17
375,La Sapienza,KL,135392.0,6.0,,,2015-03-20
376,Cop Car,Focus,134552.0,60.0,26146.0,3.0,2015-08-07
377,Don't Think I've Forgotten: Cambodia's Lost Rock and Roll,Argo.,133443.0,7.0,19206.0,3.0,2015-04-22
378,Ingrid Bergman: In Her Own Words,Rialto,132930.0,13.0,8355.0,1.0,2015-11-13
379,Devil and Angel (E Gun Tian Shi),CL,131058.0,12.0,44855.0,12.0,2015-12-31
380,Mississippi Grind,A24,130541.0,46.0,12434.0,1.0,2015-09-25
381,Kung Fu Killer,WGUSA,129784.0,28.0,58664.0,28.0,2015-04-24
382,Boy and the World,GK,129480.0,26.0,10077.0,2.0,2015-12-11
383,A Journey Through Time with Anthony,CL,127381.0,17.0,55292.0,17.0,2015-11-18
384,Boulevard,SM,126150.0,11.0,7000.0,1.0,2015-07-10
385,A Ballerina's Tale,IFC,125144.0,16.0,9388.0,2.0,2015-10-14
386,Z for Zachariah,RAtt.,121461.0,29.0,56902.0,29.0,2015-08-28
387,In Jackson Heights,Zipp.,121094.0,8.0,15150.0,1.0,2015-11-04
388,Do I Sound Gay?,IFC,119388.0,18.0,10461.0,1.0,2015-07-10
389,Digging for Fire,Orch.,119364.0,30.0,25000.0,3.0,2015-08-21
390,Love Live! The School Idol Movie,AZ,115840.0,28.0,115840.0,28.0,2015-09-11
391,Road Hard,FB,113169.0,22.0,105943.0,22.0,2015-03-06
392,She's Funny That Way,LGP,111996.0,26.0,,,2015-08-21
393,Memories of the Sword,WGUSA,111071.0,22.0,50240.0,22.0,2015-08-28
394,Roar!,Drft.,110048.0,19.0,15064.0,5.0,2015-04-15
395,The Look of Silence,Drft.,109089.0,14.0,6616.0,1.0,2015-07-17
396,Adult Beginners,RTWC,108808.0,54.0,36657.0,10.0,2015-04-24
397,The Beauty Inside,WGUSA,108083.0,23.0,50536.0,23.0,2015-09-11
398,The Chronicles of Evil,CJ,105057.0,13.0,,,2015-05-15
399,Results,Magn.,104507.0,21.0,17782.0,3.0,2015-05-29
400,Every Secret Thing,SM,103536.0,20.0,97020.0,20.0,2015-05-15
401,A LEGO Brickumentary,RTWC,101531.0,93.0,43285.0,93.0,2015-07-31
402,Man From Reno,FPE,101438.0,7.0,15158.0,4.0,2015-03-27
403,James White,TFA,101368.0,12.0,12007.0,1.0,2015-11-13
404,Ghost in the Shell: The New Movie,FUN,101203.0,267.0,,,2015-11-10
405,Black Souls (Anime Nere),Alc,101088.0,11.0,6286.0,2.0,2015-04-10
406,1915,BM,96682.0,10.0,30448.0,8.0,2015-04-17
407,A Poem Is a Naked Person (2015 re-issue),Jan.,96592.0,5.0,5526.0,1.0,2015-07-01
408,Saving Mr. Wu,UEP,92696.0,24.0,,24.0,2015-10-02
409,The Tales of Hoffmann (2015 re-issue),Rialto,91930.0,9.0,23340.0,2.0,2015-03-13
410,Christmas Eve,Ampl.,91302.0,44.0,45260.0,44.0,2015-12-04
411,Queen of Earth,IFC,91218.0,12.0,11360.0,2.0,2015-08-26
412,Beasts of No Nation,BST,90777.0,31.0,51003.0,31.0,2015-10-16
413,Legends from the Sky,HHF,90706.0,8.0,18168.0,8.0,2015-01-30
414,Hero (2015),Eros,88675.0,53.0,58445.0,53.0,2015-09-11
415,Sunshine Superman,Magn.,88097.0,21.0,8991.0,3.0,2015-05-22
416,Tab Hunter Confidential,TFC,84378.0,9.0,9945.0,2.0,2015-10-16
417,Trace Amounts,Gathr,80735.0,7.0,,,2015-01-02
418,,,,,,,
419,"$11,092,426,656",-,,,,,
420,"$15,891,729",-,,,,,
421,,,,,,,
422,"Data as of:  Today  Today in 2015  Jan. 31, 2015  Feb. 28, 2015  Mar. 31, 2015  Apr. 30, 2015  May 31, 2015  Jun. 30, 2015  Jul. 31, 2015  Aug. 31, 2015  Sep. 30, 2015  Oct. 31, 2015  Nov. 30, 2015  Dec. 31, 2015  Specify Date  About this feature  or (  Month  Jan.  Feb.  Mar.  Apr.  May  Jun.  Jul.  Aug.  Sep.  Oct.  Nov.  Dec.  / Day  1  2  3  4  5  6  7  8  9  10  11  12  13  14  15  16  17  18  19  20  21  22  23  24  25  26  27  28  29  30  31  / 2015  2016  )","Data as of:  Today  Today in 2015  Jan. 31, 2015  Feb. 28, 2015  Mar. 31, 2015  Apr. 30, 2015  May 31, 2015  Jun. 30, 2015  Jul. 31, 2015  Aug. 31, 2015  Sep. 30, 2015  Oct. 31, 2015  Nov. 30, 2015  Dec. 31, 2015  Specify Date  About this feature  or (  Month  Jan.  Feb.  Mar.  Apr.  May  Jun.  Jul.  Aug.  Sep.  Oct.  Nov.  Dec.  / Day  1  2  3  4  5  6  7  8  9  10  11  12  13  14  15  16  17  18  19  20  21  22  23  24  25  26  27  28  29  30  31  / 2015  2016  )",,,,,
423,,,,,,,
424,Heaven Knows What,RTWC,80734.0,14.0,16862.0,2.0,2015-05-29
425,Nasty Baby,Orch.,79800.0,18.0,8023.0,2.0,2015-10-23
426,Blackbird,Imag.,78400.0,13.0,45834.0,13.0,2015-04-24
427,Batkid Begins,WB,74709.0,14.0,19437.0,4.0,2015-06-26
428,Dragon Blade,LGP,74068.0,14.0,30346.0,14.0,2015-09-04
429,The Wonders,Osci.,73378.0,15.0,,,2015-10-30
430,Freaks of Nature,Sony,70958.0,107.0,42713.0,107.0,2015-10-30
431,Predestination,VE,68372.0,20.0,44028.0,20.0,2015-01-09
432,I Am Big Bird,Trib.,67845.0,17.0,10000.0,1.0,2015-05-06
433,Turbo Kid,EpicPics,67132.0,31.0,31428.0,26.0,2015-08-28
434,People Places Things,TFA,67046.0,19.0,31262.0,19.0,2015-08-14
435,Eden,BG,65460.0,15.0,18987.0,3.0,2015-06-19
436,The Duke of Burgundy,IFC,64521.0,10.0,11902.0,3.0,2015-01-23
437,The Office,CL,63675.0,15.0,34144.0,15.0,2015-09-18
438,Drunk Stoned Brilliant Dead: The Story of the National Lampoon,Magn.,62660.0,22.0,5254.0,1.0,2015-09-25
439,Flowers,MBox,61568.0,5.0,6572.0,1.0,2015-10-30
440,Only You,CL,61565.0,13.0,27311.0,13.0,2015-07-24
441,Dark Star: H.R. Giger's World,Icar.,61044.0,10.0,8349.0,5.0,2015-05-15
442,Girlhood (2015),Strand,60765.0,5.0,7667.0,2.0,2015-01-30
443,Jauja,CGld,60231.0,3.0,8314.0,2.0,2015-03-20
444,Gueros,KL,60114.0,5.0,,,2015-05-20
445,Cooties,LGP,60058.0,29.0,33031.0,29.0,2015-09-18
446,I Smile Back,BG,58738.0,18.0,15758.0,2.0,2015-10-23
447,Rififi (2015 re-release),Rialto,57749.0,2.0,17396.0,2.0,2015-09-02
448,Entertainment,Magn.,55506.0,9.0,5132.0,2.0,2015-11-13
449,The Search for General Tso,IFC,54275.0,13.0,9336.0,2.0,2015-01-02
450,The Ark of Mr. Chow,CL,54075.0,12.0,22583.0,12.0,2015-06-19
451,Beloved Sisters,MBox,54030.0,9.0,19704.0,9.0,2015-01-09
452,Aloft,SPC,53086.0,17.0,2116.0,2.0,2015-05-22
453,The Quay Brothers in 35mm,Zeit.,51858.0,2.0,16995.0,1.0,2015-08-19
454,We Come As Friends,BBC,50921.0,8.0,,,2015-08-14
455,The Yes Men Are Revolting,Orch.,50190.0,20.0,12462.0,10.0,2015-06-12
456,The Advocate: A Missing Body,CJ,50162.0,9.0,19770.0,9.0,2015-10-23
457,Heist (2015),LGP,50136.0,24.0,28688.0,24.0,2015-11-13
458,Spring (2015),Drft.,49970.0,15.0,19675.0,12.0,2015-03-20
459,Difret,TA,49667.0,4.0,6777.0,1.0,2015-10-23
460,Red Herring,Indic.,49480.0,28.0,27804.0,28.0,2015-10-30
461,The Seven Five,IFC,48869.0,5.0,14785.0,2.0,2015-05-08
462,Bangistan,Eros,48694.0,41.0,34263.0,41.0,2015-08-07
463,Appropriate Behavior,Grav.,46912.0,11.0,19114.0,11.0,2015-01-16
464,Shanghai,Wein.,46425.0,103.0,26604.0,103.0,2015-10-02
465,Beyond the Reach,RAtt.,45895.0,27.0,30287.0,27.0,2015-04-17
466,Lost River,WB,45431.0,3.0,20828.0,3.0,2015-04-10
467,Mr. X,FIP,44995.0,52.0,30097.0,52.0,2015-04-17
468,The Salvation,IFC,44903.0,28.0,4651.0,2.0,2015-02-27
469,Madame Bovary,Alc,44235.0,15.0,20841.0,15.0,2015-06-12
470,Charlie's Country,MR,42937.0,8.0,5340.0,4.0,2015-06-05
471,Breathe,FM,42297.0,13.0,5063.0,1.0,2015-09-11
472,Pearl Button,KL,42166.0,5.0,,,2015-10-23
473,Nowitzki,Magn.,41340.0,4.0,20049.0,4.0,2015-07-10
474,Queen and Country,BBC,41297.0,9.0,5954.0,1.0,2015-02-18
475,Censored Voices,MBox,41260.0,6.0,6153.0,2.0,2015-11-20
476,The New Rijksmuseum,FRun,40578.0,5.0,2631.0,3.0,2015-06-19
477,The Phone,CJ,40516.0,11.0,3824.0,1.0,2015-11-06
478,What Our Fathers Did: A Nazi Legacy,Osci.,40119.0,14.0,8132.0,2.0,2015-11-06
479,WARx2,WARX2,39704.0,1.0,30931.0,1.0,2015-09-18
480,Prophet's Prey,SHO,39347.0,9.0,5000.0,1.0,2015-09-18
481,Lila & Eve,Gold.,38263.0,22.0,21806.0,22.0,2015-07-17
482,Match,IFC,37285.0,9.0,6000.0,3.0,2015-01-14
483,Before We Go,RTWC,37151.0,21.0,18630.0,21.0,2015-09-04
484,The Mafia Only Kills in Summer,Distrib.,37134.0,5.0,,,2015-03-06
485,Grey Gardens (2015 re-release),Jan.,36923.0,1.0,13845.0,1.0,2015-03-06
486,Knock Knock,LGP,36336.0,22.0,18623.0,22.0,2015-10-09
487,Kindergarten Teacher,KL,36190.0,4.0,,,2015-07-31
488,Welcome to Leith,FRun,36010.0,5.0,3707.0,1.0,2015-09-09
489,Finders Keepers (2015),Orch.,35555.0,32.0,5740.0,5.0,2015-09-25
490,River of Fundament,ICir,35415.0,2.0,9938.0,1.0,2015-12-04
491,Wild City,WGUSA,34866.0,11.0,17181.0,11.0,2015-07-31
492,The Forbidden Room,KL,34404.0,5.0,,,2015-10-07
493,Pierrot le fou (2015 re-issue),Rialto,34371.0,1.0,7922.0,1.0,2015-12-18
494,Song One,TFA,32251.0,27.0,20200.0,27.0,2015-01-23
495,Love Forecast,CJ,32211.0,1.0,11600.0,1.0,2015-01-23
496,Amira & Sam,Drft.,31849.0,10.0,15535.0,9.0,2015-01-30
497,"Out 1, noli me tangere",CFilms,31539.0,4.0,12537.0,4.0,2015-11-06
498,Don Verdean,LGP,31309.0,40.0,12907.0,40.0,2015-12-11
499,"3 1/2 Minutes, 10 Bullets",Part.,30407.0,8.0,2238.0,1.0,2015-06-19
500,Runoff,Mont.,30186.0,6.0,9515.0,1.0,2015-06-26
501,Paul Taylor: Creative Domain,INDEP,30168.0,7.0,8150.0,1.0,2015-09-11
502,Paulette,Cohen,29494.0,2.0,8882.0,1.0,2015-08-14
503,Rebels of the Neon God,BWP,28791.0,4.0,,,2015-04-10
504,Americons,AD,28782.0,14.0,14404.0,14.0,2015-01-23
505,Hard to Be a God,KL,28608.0,3.0,,,2015-01-30
506,The Nightmare,Grav.,28281.0,16.0,13363.0,16.0,2015-06-05
507,"Like Sunday, Like Rain",Mont.,28208.0,6.0,1082.0,2.0,2015-03-06
508,7 Chinese Brothers,Scre.,28180.0,8.0,,,2015-08-28
509,The Cut,Strand,28066.0,5.0,5327.0,5.0,2015-09-18
510,The Keeping Room,Drft.,27166.0,10.0,4328.0,2.0,2015-09-25
511,Tap World,Vita.,26747.0,3.0,8714.0,3.0,2015-07-10
512,Peace Officer,SD,26632.0,11.0,,,2015-09-16
513,Sembene!,KL,26164.0,3.0,,,2015-11-13
514,The Army of Shadows (2015 re-release),Rialto,25450.0,1.0,8112.0,1.0,2015-08-26
515,Rediscover Sautet,Rialto,25314.0,1.0,,,2015-06-12
516,Love At First Fight,Strand,25229.0,7.0,3187.0,2.0,2015-05-22
517,R100,Drft.,24956.0,11.0,7263.0,10.0,2015-01-23
518,Olvidados (Forgotten),Libre,24638.0,1.0,2791.0,1.0,2015-09-18
519,Big Game,EC,24572.0,11.0,16909.0,11.0,2015-06-26
520,Kill Me Three Times,Magn.,24296.0,16.0,15477.0,16.0,2015-04-10
521,Unexpected,TFA,23986.0,32.0,,,2015-07-24
522,The Winding Stream,Argo.,23489.0,3.0,3660.0,3.0,2015-12-16
523,Can't Stand Losing You: Surviving the Police,Libre,23262.0,5.0,5656.0,2.0,2015-03-20
524,,,,,,,
525,"$11,092,426,656",-,,,,,
526,"$15,891,729",-,,,,,
527,,,,,,,
528,"Data as of:  Today  Today in 2015  Jan. 31, 2015  Feb. 28, 2015  Mar. 31, 2015  Apr. 30, 2015  May 31, 2015  Jun. 30, 2015  Jul. 31, 2015  Aug. 31, 2015  Sep. 30, 2015  Oct. 31, 2015  Nov. 30, 2015  Dec. 31, 2015  Specify Date  About this feature  or (  Month  Jan.  Feb.  Mar.  Apr.  May  Jun.  Jul.  Aug.  Sep.  Oct.  Nov.  Dec.  / Day  1  2  3  4  5  6  7  8  9  10  11  12  13  14  15  16  17  18  19  20  21  22  23  24  25  26  27  28  29  30  31  / 2015  2016  )","Data as of:  Today  Today in 2015  Jan. 31, 2015  Feb. 28, 2015  Mar. 31, 2015  Apr. 30, 2015  May 31, 2015  Jun. 30, 2015  Jul. 31, 2015  Aug. 31, 2015  Sep. 30, 2015  Oct. 31, 2015  Nov. 30, 2015  Dec. 31, 2015  Specify Date  About this feature  or (  Month  Jan.  Feb.  Mar.  Apr.  May  Jun.  Jul.  Aug.  Sep.  Oct.  Nov.  Dec.  / Day  1  2  3  4  5  6  7  8  9  10  11  12  13  14  15  16  17  18  19  20  21  22  23  24  25  26  27  28  29  30  31  / 2015  2016  )",,,,,
529,,,,,,,
530,"Hippocrates, Diary of a French Doctor",Distrib.,23050.0,2.0,5908.0,1.0,2015-06-19
531,Court,Zeit.,22898.0,2.0,4806.0,1.0,2015-07-15
532,Salut D'Amour,CJ,22480.0,1.0,6514.0,1.0,2015-04-10
533,Metropolitan (2015 re-release),Rialto,22284.0,3.0,7554.0,1.0,2015-08-07
534,Slow Learners,IFC,22272.0,6.0,948.0,1.0,2015-08-19
535,Princess Cut,WMP,22167.0,4.0,,,2015-07-28
536,Animals (2015),Osci.,21821.0,11.0,14471.0,10.0,2015-05-15
537,Noma - My Perfect Storm,Magn.,21130.0,5.0,2987.0,4.0,2015-12-18
538,Consumed,Gathr,20476.0,3.0,,,2015-11-10
539,Boy Meets Girl (2015),Bram.,20441.0,4.0,5306.0,1.0,2015-02-06
540,"Love, Rosie",TFA,20431.0,15.0,14893.0,15.0,2015-02-06
541,Futuro Beach,Strand,20262.0,4.0,3324.0,1.0,2015-02-27
542,Friends and Romans,Pala.,20136.0,14.0,,1.0,2015-10-23
543,Forbidden Games (1952),Rialto,19889.0,1.0,4316.0,1.0,2015-04-24
544,Wild Canaries,IFC,19777.0,4.0,2683.0,1.0,2015-02-25
545,Misery Loves Comedy,Trib.,19634.0,8.0,5300.0,1.0,2015-04-24
546,Going Away,Cohen,19501.0,1.0,7714.0,1.0,2015-10-02
547,A Hard Day,KL,19004.0,2.0,,,2015-07-17
548,The Challenger,WinD,19003.0,28.0,12246.0,28.0,2015-09-11
549,Ardor,Part.,18565.0,17.0,13726.0,17.0,2015-07-17
550,Gabo: The Creation of Gabriel Garcia Marquez,Icar.,18467.0,4.0,1432.0,1.0,2015-10-01
551,The Little Death,Magn.,18238.0,4.0,3118.0,2.0,2015-06-26
552,Gangnam 1970,CJ,18022.0,1.0,18022.0,1.0,2015-02-06
553,The Other One,Indic.,17727.0,6.0,11718.0,6.0,2015-06-26
554,Mediterranea,IFC,17663.0,2.0,5846.0,2.0,2015-11-20
555,Trash,FCW,17484.0,17.0,10230.0,17.0,2015-10-09
556,Strangerland,Alc,17472.0,15.0,17472.0,15.0,2015-07-10
557,Great Museum,KL,17048.0,1.0,,,2015-07-03
558,Eastern Boys,FRun,16831.0,2.0,5726.0,1.0,2015-02-27
559,Extraction,LGP,16775.0,13.0,10948.0,13.0,2015-12-18
560,Eva,Wein.,16738.0,50.0,10395.0,50.0,2015-03-13
561,This Changes Everything,Abr.,16692.0,1.0,9770.0,1.0,2015-10-03
562,The World of Kanako,Drft.,16627.0,12.0,6834.0,11.0,2015-12-04
563,Who Took Johnny,Rum.,16595.0,2.0,7666.0,1.0,2015-04-24
564,Life in a Walk,Gathr,16557.0,1.0,,,2015-09-02
565,The Human Centipede 3 (Final Sequence),IFC,16184.0,23.0,,2.0,2015-05-22
566,Can You Dig This,Gathr,15909.0,13.0,,,2015-11-27
567,Full Moon in Paris,FM,15726.0,1.0,5040.0,1.0,2015-04-17
568,Number One Fan,Distrib.,15549.0,1.0,1023.0,1.0,2015-09-04
569,Cheatin',Ply,15077.0,10.0,,,2015-04-03
570,Zombeavers,Free,14947.0,11.0,8163.0,11.0,2015-03-20
571,Gloria (2015),PH,14701.0,3.0,7930.0,3.0,2015-07-17
572,10 Days in a Madhouse,CafeP,14616.0,10.0,4773.0,1.0,2015-11-11
573,Buzzard,Osci.,14591.0,11.0,8031.0,11.0,2015-03-06
574,The Hallow,IFC,13906.0,8.0,1559.0,1.0,2015-11-06
575,Backcountry,IFC,13848.0,1.0,1005.0,1.0,2015-03-20
576,Amour Fou,FM,13702.0,3.0,4385.0,3.0,2015-03-18
577,Eli,Eros,13547.0,18.0,7098.0,18.0,2015-06-19
578,Yakuza Apocalypse,Gold.,12756.0,1.0,,,2015-10-09
579,"10,000 Km",BG,12423.0,11.0,8941.0,11.0,2015-07-10
580,The Armor of Light,FFS,12267.0,26.0,,,2015-10-30
581,Arabian Nights: Volume 1 - The Restless One,KL,12260.0,3.0,,,2015-12-04
582,Wa-shoku: Beyond Sushi,UTMW,12240.0,1.0,5582.0,1.0,2015-04-10
583,Murder in the Park,IFC,12088.0,3.0,1310.0,1.0,2015-06-26
584,Little England,Crnth,12077.0,1.0,5775.0,1.0,2015-05-17
585,Of Horses and Men,MBox,11894.0,2.0,9565.0,1.0,2015-03-06
586,Emptying the Skies,MBox,11811.0,2.0,4818.0,2.0,2015-04-22
587,Marie's Story,FM,11720.0,8.0,,,2015-05-01
588,Kidnapping of Michel Houellebecq,KL,11546.0,1.0,,,2015-03-25
589,The Devil's Violinist,Free,11294.0,10.0,8013.0,10.0,2015-01-30
590,1001 Grams,KL,10983.0,1.0,,,2015-05-08
591,Just Before I Go,Anch.,10970.0,2.0,8129.0,2.0,2015-04-24
592,Digging Up the Marrow,HF,10969.0,1.0,,,2015-02-12
593,Mala Mala,Strand,10761.0,2.0,2569.0,2.0,2015-07-01
594,Empire of Lust,CJ,10654.0,1.0,2230.0,1.0,2015-03-06
595,The Forecaster,FOR,10172.0,1.0,,,2015-03-27
596,Little Accidents,Ampl.,10071.0,17.0,8649.0,17.0,2015-01-16
597,The Mind of Mark DeFriest,CDF,10021.0,6.0,,,2015-03-06
598,Still Life (2015),Trib.,9481.0,5.0,,,2015-01-16
599,"One Cut, One Life",FRun,9406.0,2.0,4127.0,2.0,2015-05-13
600,Cupcakes,Strand,9129.0,3.0,2570.0,1.0,2015-03-27
601,The Lesson,FM,9045.0,1.0,,,2015-03-04
602,Station to Station,SD,9000.0,1.0,9000.0,1.0,2015-08-21
603,Butterfly Girl,Indic.,8956.0,2.0,4326.0,2.0,2015-04-03
604,Northern Soul,Free,8886.0,10.0,6786.0,10.0,2015-10-02
605,B-Side,Indic.,8870.0,3.0,6544.0,3.0,2015-07-10
606,The Pardon,Mont.,8845.0,3.0,1418.0,1.0,2015-06-26
607,Paul Coelho's Best Story,MBox,8808.0,5.0,5295.0,5.0,2015-07-31
608,Dawn of the Crescent Moon,Indic.,8799.0,3.0,6411.0,3.0,2015-07-24
609,Meet Me in Montenegro,Orch.,8612.0,10.0,5010.0,10.0,2015-07-10
610,Farewell to Hollywood,ICir,8601.0,3.0,572.0,1.0,2015-02-25
611,Counting,CGld,8374.0,1.0,4904.0,1.0,2015-07-31
612,The Messenger (2015),KL,8309.0,9.0,,,2015-12-04
613,The Girl in the Book,Free,8245.0,10.0,5249.0,10.0,2015-12-11
614,A Fool (Yi ge shao zi),CL,8212.0,2.0,5741.0,2.0,2015-11-27
615,Jellyfish Eyes,Jan.,8176.0,1.0,1927.0,1.0,2015-07-15
616,Every Thing Will be Fine,IFC,8034.0,2.0,1428.0,2.0,2015-12-04
617,Steak (R)evolution,KL,8025.0,7.0,,,2015-07-17
618,Straight Outta Tompkins,Indic.,8022.0,2.0,4011.0,2.0,2015-03-06
619,Gone Doggy Gone,Indic.,8001.0,2.0,5625.0,2.0,2015-06-26
620,One Small Hitch,Free,7965.0,10.0,5328.0,10.0,2015-02-06
621,Kilo Two Bravo,Hon,7891.0,11.0,,,2015-11-13
622,The Great Man,Distrib.,7814.0,1.0,2482.0,1.0,2015-08-14
623,The Riot Club,IFC,7734.0,5.0,2188.0,1.0,2015-03-27
624,Area 51,PARAIN,7556.0,16.0,7556.0,16.0,2015-05-15
625,On the Way to School,Distrib.,7424.0,2.0,,,2015-02-06
626,Rubble Kings,Sab.,7416.0,3.0,,,2015-06-19
627,The Film Critic,MBox,7358.0,2.0,839.0,2.0,2015-05-15
628,The Dinner,FM,7282.0,2.0,805.0,1.0,2015-08-07
629,Antarctic Edge,FRun,7193.0,1.0,3131.0,1.0,2015-04-17
630,,,,,,,
631,"$11,092,426,656",-,,,,,
632,"$15,891,729",-,,,,,
633,,,,,,,
634,"Data as of:  Today  Today in 2015  Jan. 31, 2015  Feb. 28, 2015  Mar. 31, 2015  Apr. 30, 2015  May 31, 2015  Jun. 30, 2015  Jul. 31, 2015  Aug. 31, 2015  Sep. 30, 2015  Oct. 31, 2015  Nov. 30, 2015  Dec. 31, 2015  Specify Date  About this feature  or (  Month  Jan.  Feb.  Mar.  Apr.  May  Jun.  Jul.  Aug.  Sep.  Oct.  Nov.  Dec.  / Day  1  2  3  4  5  6  7  8  9  10  11  12  13  14  15  16  17  18  19  20  21  22  23  24  25  26  27  28  29  30  31  / 2015  2016  )","Data as of:  Today  Today in 2015  Jan. 31, 2015  Feb. 28, 2015  Mar. 31, 2015  Apr. 30, 2015  May 31, 2015  Jun. 30, 2015  Jul. 31, 2015  Aug. 31, 2015  Sep. 30, 2015  Oct. 31, 2015  Nov. 30, 2015  Dec. 31, 2015  Specify Date  About this feature  or (  Month  Jan.  Feb.  Mar.  Apr.  May  Jun.  Jul.  Aug.  Sep.  Oct.  Nov.  Dec.  / Day  1  2  3  4  5  6  7  8  9  10  11  12  13  14  15  16  17  18  19  20  21  22  23  24  25  26  27  28  29  30  31  / 2015  2016  )",,,,,
635,,,,,,,
636,Li'l Quinquin,KL,7192.0,2.0,3204.0,1.0,2015-01-02
637,Hungry Hearts,IFC,6921.0,6.0,1869.0,2.0,2015-06-05
638,The Sisterhood of Night,Free,6870.0,10.0,5264.0,10.0,2015-04-10
639,Dreams Rewired,Icar.,6863.0,4.0,,,2015-11-12
640,Steve McQueen: The Man & Le Mans,FR,6843.0,2.0,4079.0,2.0,2015-11-13
641,Capture the Flag,Par.,6690.0,20.0,6690.0,20.0,2015-12-04
642,Horse Money,CGld,6508.0,1.0,3409.0,1.0,2015-07-24
643,The Suicide Theory,Free,6434.0,10.0,5229.0,10.0,2015-07-10
644,Arabian Nights: Volume 2 - The Desolate One,KL,6398.0,3.0,,,2015-12-11
645,Alleluia,MBox,6334.0,3.0,2712.0,3.0,2015-07-17
646,The Night of the Shooting Stars (Re-issue),Cohen,6186.0,1.0,4414.0,1.0,2015-08-12
647,Barely Lethal,A24,6075.0,22.0,,,2015-04-30
648,Marquise of O,FM,6048.0,2.0,,,2015-03-27
649,"Sex, Death and Bowling",Mont.,5972.0,3.0,50.0,1.0,2015-10-30
650,Gabriel,Osci.,5917.0,3.0,2124.0,1.0,2015-06-19
651,Medeas,TVC,5895.0,2.0,3025.0,1.0,2015-01-16
652,Top Spin,FRun,5858.0,4.0,2177.0,1.0,2015-08-21
653,Shout Gladi Gladi,ICir,5839.0,2.0,5046.0,2.0,2015-10-02
654,Black November,P4,5782.0,,,,2015-01-09
655,The Wanted 18,KL,5680.0,2.0,4973.0,2.0,2015-06-19
656,Tu Dors Nicole,Kino,5662.0,1.0,,,2015-05-29
657,This Isn't Funny,CFF,5654.0,1.0,690.0,1.0,2015-11-06
658,Chic!,Distrib.,5587.0,1.0,587.0,1.0,2015-05-01
659,Our Man in Tehran,FRun,5573.0,3.0,1640.0,1.0,2015-05-15
660,The Living,Mont.,5514.0,4.0,74.0,1.0,2015-04-03
661,Far from Men,Trib.,5336.0,2.0,,,2015-05-01
662,She's Lost Control,MR,5319.0,1.0,900.0,1.0,2015-03-20
663,From Mayerling to Sarajevo (2015 re-issue),FDesk,5247.0,1.0,5247.0,1.0,2015-03-27
664,The Dead Lands,Magn.,5240.0,3.0,1327.0,3.0,2015-04-17
665,The Princess of France,CGld,5212.0,1.0,,,2015-06-26
666,Death Valley,Indic.,5211.0,2.0,4344.0,2.0,2015-10-16
667,On War,Indic.,5086.0,2.0,2210.0,1.0,2015-11-20
668,A Reason,Indic.,5010.0,3.0,1690.0,3.0,2015-08-28
669,SBK The-Movie,HanM,4950.0,6.0,2650.0,6.0,2015-04-03
670,Gerontophilia,Strand,4916.0,1.0,1927.0,1.0,2015-05-01
671,Guidance,Strand,4900.0,2.0,,,2015-08-21
672,Miss Hill: Making Dance Matter,FRun,4706.0,1.0,2560.0,1.0,2015-01-23
673,Jenny's Wedding,IFC,4704.0,2.0,2254.0,2.0,2015-07-31
674,Against the Sun,TAFC,4646.0,11.0,3023.0,11.0,2015-01-23
675,Ashby,TFA,4631.0,15.0,4631.0,15.0,2015-09-25
676,Seeds of Time,KL,4630.0,2.0,,,2015-05-22
677,Arabian Nights: Volume 3 - The Enchanted One,KL,4502.0,3.0,,,2015-12-18
678,The Summer of Sangaile,Strand,4480.0,2.0,453.0,1.0,2015-11-20
679,"Farewell, Herr Schwarz",KL,4445.0,2.0,,,2015-01-09
680,Club Life,Orch.,4444.0,7.0,,,2015-05-29
681,Back to the Jurassic,CJ,4351.0,8.0,,,2015-06-12
682,Days of Grace,Libre,4308.0,1.0,2213.0,1.0,2015-05-01
683,Set Fire to the Stars,Strand,4280.0,3.0,1132.0,1.0,2015-06-12
684,La Navaja de Don Juan,Indic.,4254.0,2.0,2330.0,2.0,2015-10-09
685,Three Night Stand,Free,4076.0,10.0,2538.0,10.0,2015-01-16
686,Salvation Army,Strand,3929.0,1.0,2433.0,1.0,2015-01-23
687,Unfreedom,DFL,3778.0,8.0,,,2015-05-29
688,The Free Speech Apocalypse,PMD,3726.0,5.0,,,2015-11-05
689,In the Basement,Strand,3643.0,1.0,748.0,1.0,2015-11-06
690,Fidelio: Alice's Odyssey,FRun,3580.0,2.0,454.0,1.0,2015-07-17
691,That Sugar Film,Gold.,3500.0,10.0,3500.0,10.0,2015-07-31
692,Hyena,Trib.,3401.0,6.0,,,2015-05-01
693,Mi America,IH,3330.0,1.0,3330.0,1.0,2015-10-16
694,Know How,FRun,3323.0,2.0,2414.0,2.0,2015-05-15
695,Drunk Wedding,PARAIN,3301.0,16.0,3301.0,16.0,2015-05-22
696,Windsor Drive,Indic.,3256.0,2.0,2160.0,2.0,2015-08-28
697,blackhats (2015),R1,3216.0,1.0,2482.0,1.0,2015-10-23
698,Xenia,Strand,3181.0,3.0,358.0,1.0,2015-10-09
699,The Iron Ministry,Icar.,3159.0,3.0,896.0,3.0,2015-08-21
700,Moana With Sound (2015 re-issue),KL,2993.0,4.0,2274.0,1.0,2015-11-13
701,Julia (2015),TD,2710.0,5.0,2110.0,5.0,2015-10-23
702,Chocolat (2015 re-release),FILMDESK,2710.0,1.0,2710.0,1.0,2015-09-18
703,Body,Osci.,2634.0,1.0,2457.0,1.0,2015-12-11
704,Hayride 2,Free,2571.0,10.0,1668.0,10.0,2015-03-06
705,L.A. Slasher,AD,2421.0,7.0,2421.0,7.0,2015-06-26
706,Anita Ho,Indic.,2250.0,1.0,2250.0,1.0,2015-02-27
707,The Lady in the Car with Glasses and a Gun,Magn.,2167.0,2.0,297.0,2.0,2015-12-18
708,Me You and Five Bucks,Indic.,2105.0,2.0,862.0,2.0,2015-09-25
709,Sneakerheadz,SD,1903.0,3.0,1903.0,3.0,2015-08-07
710,The Other Man: F.W. de Klerk and the End of Apartheid in South Africa,FRun,1747.0,1.0,1153.0,1.0,2015-02-06
711,Dark Forest,ZKS,1739.0,1.0,1739.0,1.0,2015-08-21
712,The Looking Glass,FRun,1711.0,2.0,107.0,2.0,2015-10-23
713,Drown,Strand,1631.0,1.0,860.0,1.0,2015-08-28
714,Cut Snake,Mont.,1625.0,3.0,55.0,1.0,2015-10-07
715,Forever (2015),Mont.,1598.0,1.0,,,2015-09-11
716,Stations of the Cross,FM,1505.0,1.0,688.0,1.0,2015-07-10
717,Making Rounds,FRun,1484.0,1.0,1056.0,1.0,2015-10-30
718,Along the Roadside,Indic.,1352.0,,965.0,,2015-03-27
719,3 Nights in the Desert,Mont.,1297.0,2.0,234.0,2.0,2015-02-06
720,Skin Trade,Magn.,1242.0,1.0,162.0,1.0,2015-05-08
721,El Nino,Distrib.,1237.0,1.0,245.0,1.0,2015-04-17
722,Childless,Mont.,1036.0,1.0,732.0,1.0,2015-05-15
723,They are We,Icar.,900.0,1.0,590.0,1.0,2015-06-26
724,Thanks to My Friends,Distrib.,889.0,1.0,587.0,1.0,2015-12-11
725,Big Muddy,Mont.,881.0,3.0,147.0,2.0,2015-01-23
726,REC 4: Apocalypse,Magn.,837.0,5.0,708.0,5.0,2015-01-02
727,It's All So Quiet (Boven is het stil),BWP,724.0,1.0,362.0,1.0,2015-01-09
728,Tough Being Loved By Jerks,KL,697.0,7.0,,,2015-03-13
729,United Passions,Scre.,607.0,10.0,607.0,10.0,2015-06-05
730,The Chambermaid,FM,315.0,1.0,,,2015-05-29
731,Lou! Journal infime,Distrib.,287.0,1.0,88.0,1.0,2015-04-24
732,Paranoid Girls,,78.0,1.0,54.0,1.0,2015-11-13
733,Confession of a Child of the Century,Cohen,74.0,1.0,68.0,1.0,2015-09-25
734,,,,,,,
735,"$11,092,426,656",-,,,,,
736,"$15,891,729",-,,,,,
737,,,,,,,
738,"Data as of:  Today  Today in 2015  Jan. 31, 2015  Feb. 28, 2015  Mar. 31, 2015  Apr. 30, 2015  May 31, 2015  Jun. 30, 2015  Jul. 31, 2015  Aug. 31, 2015  Sep. 30, 2015  Oct. 31, 2015  Nov. 30, 2015  Dec. 31, 2015  Specify Date  About this feature  or (  Month  Jan.  Feb.  Mar.  Apr.  May  Jun.  Jul.  Aug.  Sep.  Oct.  Nov.  Dec.  / Day  1  2  3  4  5  6  7  8  9  10  11  12  13  14  15  16  17  18  19  20  21  22  23  24  25  26  27  28  29  30  31  / 2015  2016  )","Data as of:  Today  Today in 2015  Jan. 31, 2015  Feb. 28, 2015  Mar. 31, 2015  Apr. 30, 2015  May 31, 2015  Jun. 30, 2015  Jul. 31, 2015  Aug. 31, 2015  Sep. 30, 2015  Oct. 31, 2015  Nov. 30, 2015  Dec. 31, 2015  Specify Date  About this feature  or (  Month  Jan.  Feb.  Mar.  Apr.  May  Jun.  Jul.  Aug.  Sep.  Oct.  Nov.  Dec.  / Day  1  2  3  4  5  6  7  8  9  10  11  12  13  14  15  16  17  18  19  20  21  22  23  24  25  26  27  28  29  30  31  / 2015  2016  )",,,,,
739,,,,,,,
740,Deadpool,Fox,360274059.0,3856.0,132434639.0,3558.0,2016-02-12
741,Batman v Superman: Dawn of Justice,WB,312780395.0,4256.0,166007347.0,4242.0,2016-03-25
742,Zootopia,BV,308701111.0,3959.0,75063401.0,3827.0,2016-03-04
743,Kung Fu Panda 3,Fox,141348518.0,3987.0,41282042.0,3955.0,2016-01-29
744,The Jungle Book (2016),BV,119000894.0,4028.0,103261464.0,4028.0,2016-04-15
745,Ride Along 2,Uni.,90862685.0,3192.0,35243095.0,3175.0,2016-01-15
746,10 Cloverfield Lane,Par.,69995023.0,3427.0,24727437.0,3391.0,2016-03-11
747,The Divergent Series: Allegiant,LG/S,64230527.0,3740.0,29027348.0,3740.0,2016-03-18
748,London Has Fallen,Focus,61470583.0,3492.0,21635601.0,3490.0,2016-03-04
749,Miracles from Heaven,TriS,57353292.0,3155.0,14812393.0,3047.0,2016-03-16
750,13 Hours: The Secret Soldiers of Benghazi,Par.,52853219.0,2917.0,16194738.0,2389.0,2016-01-15
751,My Big Fat Greek Wedding 2,Uni.,52714845.0,3179.0,17861950.0,3133.0,2016-03-25
752,How to Be Single,WB,46843513.0,3357.0,17878911.0,3343.0,2016-02-12
753,The Boss,Uni.,41916760.0,3495.0,23586645.0,3480.0,2016-04-08
754,Risen,Sony,36732506.0,2915.0,11801271.0,2915.0,2016-02-19
755,The Boy (2016),STX,35819556.0,2671.0,10778392.0,2671.0,2016-01-22
756,Dirty Grandpa,LGF,35593113.0,2912.0,11111875.0,2912.0,2016-01-22
757,The 5th Wave,Sony,34650223.0,2908.0,10326356.0,2908.0,2016-01-22
758,Gods of Egypt,LG/S,30901075.0,3117.0,14123903.0,3117.0,2016-02-26
759,"Hail, Caesar!",Uni.,30080225.0,2248.0,11355225.0,2232.0,2016-02-05
760,Zoolander 2,Par.,28848693.0,3418.0,13841146.0,3394.0,2016-02-12
761,The Finest Hours,BV,27569558.0,3143.0,10288932.0,3143.0,2016-01-29
762,The Forest,Focus,26594261.0,2509.0,12741176.0,2451.0,2016-01-08
763,The Witch,A24,25044102.0,2204.0,8800230.0,2046.0,2016-02-19
764,Barbershop: The Next Cut,WB,23153028.0,2661.0,20242415.0,2661.0,2016-04-15
765,Whiskey Tango Foxtrot,Par.,22949680.0,2413.0,7450275.0,2374.0,2016-03-04
766,Race (2016),Focus,19107650.0,2387.0,7353922.0,2369.0,2016-02-19
767,The Choice,LGF,18730891.0,2631.0,6050443.0,2631.0,2016-02-05
768,God's Not Dead 2,PFR,17508881.0,2419.0,7623662.0,2419.0,2016-04-01
769,Norm of the North,LGF,17062499.0,2411.0,6844137.0,2411.0,2016-01-15
770,Eddie the Eagle,Fox,15643222.0,2044.0,6084682.0,2042.0,2016-02-26
771,Eye in the Sky,BST,13443681.0,1089.0,113803.0,5.0,2016-03-11
772,Triple 9,ORF,12639297.0,2205.0,6109085.0,2205.0,2016-02-26
773,Fifty Shades of Black,ORF,11686940.0,2075.0,5900528.0,2075.0,2016-01-29
774,"Hello, My Name is Doris",RAtt.,10908317.0,979.0,84986.0,4.0,2016-03-11
775,Pride and Prejudice and Zombies,SGem,10907291.0,2931.0,5324240.0,2931.0,2016-02-05
776,The Perfect Match,LGF,9631480.0,925.0,4294232.0,925.0,2016-03-11
777,Meet the Blacks,Free,8456345.0,1015.0,4055940.0,1015.0,2016-04-01
778,Hardcore Henry,STX,8453859.0,3015.0,5107604.0,3015.0,2016-04-08
779,Criminal (2016),LG/S,6900972.0,2683.0,5767278.0,2683.0,2016-04-15
780,The Brothers Grimsby,Sony,6874837.0,2235.0,3258327.0,2235.0,2016-03-11
781,The Young Messiah,Focus,6466257.0,1769.0,3294876.0,1761.0,2016-03-11
782,Where to Invade Next,Drft.,3801054.0,308.0,897034.0,308.0,2016-02-12
783,The Mermaid (Mei ren yu),Sony,3232685.0,106.0,985052.0,35.0,2016-02-19
784,Midnight Special,WB,3218406.0,521.0,190012.0,5.0,2016-03-18
785,The Other Side of the Door,Fox,3000342.0,585.0,1211210.0,546.0,2016-03-04
786,2016 Oscar Nominated Short Films,Shrts.,2816816.0,260.0,559502.0,123.0,2016-01-29
787,Ip Man 3,WGUSA,2679437.0,115.0,784839.0,103.0,2016-01-22
788,Kapoor & Sons - Since 1921,FIP,2607036.0,153.0,986992.0,143.0,2016-03-18
789,Demolition,FoxS,1908296.0,862.0,1100042.0,854.0,2016-04-08
790,Busco Novio Para Mi Mujer,LGF,1741889.0,357.0,902457.0,357.0,2016-02-19
791,Everybody Wants Some!!,Par.,1612396.0,134.0,312355.0,19.0,2016-03-30
792,Neerja,FIP,1585687.0,121.0,626528.0,73.0,2016-02-19
793,I Saw the Light,SPC,1536726.0,741.0,45471.0,5.0,2016-03-25
794,Jane Got a Gun,Wein.,1513793.0,1210.0,835572.0,1210.0,2016-01-29
795,Fan,Yash,1357212.0,280.0,1357212.0,280.0,2016-04-15
796,The Little Prince,EOne,1248077.0,163.0,116927.0,52.0,2016-02-12
797,Embrace of the Serpent,Osci.,1220819.0,93.0,50955.0,3.0,2016-02-17
798,Lazer Team,Ampl.,1186426.0,35.0,108586.0,35.0,2016-01-27
799,Wazir,Relbig.,1124045.0,111.0,586028.0,111.0,2016-01-08
800,Patterns of Evidence: The Exodus,Thinking Man,925576.0,652.0,,,2016-01-19
801,Ki & Ka,Eros,857986.0,148.0,539521.0,148.0,2016-04-01
802,The Monkey King 2 in 3D,CL,709982.0,38.0,166391.0,38.0,2016-02-05
803,Chongqing Hot Pot,CL,667373.0,46.0,201960.0,20.0,2016-04-01
804,Miles Ahead,SPC,618280.0,47.0,114530.0,4.0,2016-04-01
805,The Bronze,SPC,615654.0,1167.0,386328.0,1167.0,2016-03-18
806,Knight of Cups,BG,548665.0,68.0,60551.0,4.0,2016-03-04
807,City of Gold,IFC,539724.0,50.0,62959.0,4.0,2016-03-11
808,Fitoor,UTV,528799.0,147.0,347164.0,147.0,2016-02-12
809,The Boy and the Beast,FUN,490643.0,123.0,274247.0,122.0,2016-03-04
810,Remember (US Release),A24,488592.0,60.0,20489.0,2.0,2016-03-11
811,Detective Chinatown (Tang ren jie tan an),CL,474252.0,36.0,280281.0,33.0,2016-01-15
812,Only Yesterday (2016 re-release),GK,452447.0,44.0,14970.0,1.0,2016-01-01
813,Born to be Blue (US Release),IFC,420595.0,79.0,46184.0,3.0,2016-03-25
814,Saturday's Warrior,Purd.,409010.0,28.0,96041.0,9.0,2016-04-01
815,Marguerite,Cohen,400770.0,46.0,19924.0,3.0,2016-03-11
816,Dough,Men.,361546.0,10.0,50871.0,9.0,2016-02-12
817,My Golden Days,Magn.,218255.0,32.0,26847.0,3.0,2016-03-18
818,Ho Mann Jahaan,Eros,208611.0,23.0,77548.0,19.0,2016-01-01
819,El Clan,Fox,201227.0,19.0,12519.0,3.0,2016-03-18
820,The Masked Saint,Free,182695.0,482.0,123839.0,482.0,2016-01-08
821,The Wave,Magn.,170465.0,37.0,60321.0,33.0,2016-03-04
822,Beauty and the Beast (2016 re-issue),Jan.,160215.0,3.0,8264.0,1.0,2016-02-12
823,Born to be Blue,EOne,151926.0,23.0,14069.0,23.0,2016-03-04
824,Touched with Fire,RAtt.,146487.0,67.0,16816.0,6.0,2016-02-12
825,The Invitation,Drft.,144140.0,19.0,67877.0,10.0,2016-04-08
826,Rams (Hrtar),Cohen,141922.0,10.0,13289.0,3.0,2016-02-03
827,April and the Extraordinary World,GK,138439.0,25.0,11413.0,1.0,2016-03-25
828,Psycho-Pass: The Movie,FUN,138366.0,161.0,,,2016-03-15
829,Tumbledown,SM,135026.0,55.0,7331.0,2.0,2016-02-05
830,Krisha,A24,131439.0,26.0,9880.0,2.0,2016-03-18
831,Chimes at Midnight (2016 re-release),Jan.,126724.0,4.0,20480.0,2.0,2016-01-01
832,Spirits' Homecoming,PM&E,125616.0,17.0,10012.0,2.0,2016-03-11
833,A War,Magn.,121577.0,30.0,9095.0,5.0,2016-02-12
834,Caged No More,Free,114959.0,116.0,69372.0,116.0,2016-01-22
835,Dictator,Eros,104734.0,19.0,30593.0,19.0,2016-01-13
836,The First Monday in May,Magn.,99242.0,20.0,99242.0,20.0,2016-04-15
837,Aferim!,BWP,99002.0,8.0,15892.0,5.0,2016-01-22
838,Requiem for the American Dream,TFC,98703.0,12.0,,,2016-01-29
839,Francofonia,MBox,91990.0,8.0,22083.0,2.0,2016-04-01
840,,,,,,,
841,"$2,385,378,982",-,,,,,
842,"$12,108,523",-,,,,,
843,,,,,,,
844,"Data as of:  Today  Today in 2016  Jan. 31, 2016  Feb. 29, 2016  Mar. 31, 2016  Apr. 30, 2016  May 31, 2016  Jun. 30, 2016  Jul. 31, 2016  Aug. 31, 2016  Sep. 30, 2016  Oct. 31, 2016  Nov. 30, 2016  Dec. 31, 2016  Specify Date  About this feature  or (  Month  Jan.  Feb.  Mar.  Apr.  May  Jun.  Jul.  Aug.  Sep.  Oct.  Nov.  Dec.  / Day  1  2  3  4  5  6  7  8  9  10  11  12  13  14  15  16  17  18  19  20  21  22  23  24  25  26  27  28  29  30  31  / 2016  2017  )","Data as of:  Today  Today in 2016  Jan. 31, 2016  Feb. 29, 2016  Mar. 31, 2016  Apr. 30, 2016  May 31, 2016  Jun. 30, 2016  Jul. 31, 2016  Aug. 31, 2016  Sep. 30, 2016  Oct. 31, 2016  Nov. 30, 2016  Dec. 31, 2016  Specify Date  About this feature  or (  Month  Jan.  Feb.  Mar.  Apr.  May  Jun.  Jul.  Aug.  Sep.  Oct.  Nov.  Dec.  / Day  1  2  3  4  5  6  7  8  9  10  11  12  13  14  15  16  17  18  19  20  21  22  23  24  25  26  27  28  29  30  31  / 2016  2017  )",,,,,
845,,,,,,,
846,Green Room,A24,87984.0,3.0,87984.0,3.0,2016-04-15
847,Vaxxed: From Cover-Up to Catastrophe,Libre,81588.0,4.0,28339.0,1.0,2016-04-01
848,Saala Khadoos,UTV,76931.0,70.0,76931.0,70.0,2016-01-29
849,Sing Street,Wein.,73558.0,5.0,63573.0,5.0,2016-04-15
850,Colliding Dreams,ICir,69961.0,14.0,16438.0,4.0,2016-03-04
851,Sweet 20,CJ,69766.0,6.0,24715.0,4.0,2016-03-11
852,Mountains May Depart,KL,65960.0,12.0,5550.0,1.0,2016-02-12
853,Trapped (2016),Abr.,63241.0,8.0,17626.0,3.0,2016-03-04
854,Creative Control,Magn.,62480.0,72.0,6964.0,3.0,2016-03-11
855,DONGJU: The Portrait of a Poet,CJ,56184.0,5.0,17724.0,5.0,2016-04-01
856,Regression,W/Dim.,55039.0,100.0,33915.0,100.0,2016-02-05
857,Louder than Bombs,Orch.,54402.0,15.0,24259.0,4.0,2016-04-08
858,High Strung (2016),Pala.,53447.0,100.0,40708.0,100.0,2016-04-08
859,The Club,MBox,52761.0,14.0,6514.0,2.0,2016-02-05
860,The Last Man on the Moon,Grav.,52482.0,14.0,30880.0,13.0,2016-02-26
861,King Georges,IFC,51663.0,10.0,15031.0,4.0,2016-02-26
862,Ran (2016 re-issue),Rialto,51496.0,5.0,11462.0,1.0,2016-02-26
863,Like for Likes,CJ,50839.0,18.0,25107.0,18.0,2016-02-26
864,In the Shadow of Women,Distrib.,50291.0,4.0,10431.0,2.0,2016-01-15
865,The Treasure,SDS,48490.0,5.0,13624.0,3.0,2016-01-08
866,Cemetery of Splendor,Strand,48385.0,6.0,7780.0,2.0,2016-03-04
867,A Melody to Remember,CJ,44263.0,13.0,,,2016-01-29
868,Mastizaade,Eros,43403.0,46.0,29878.0,46.0,2016-01-29
869,"New York, New York (2016)",CL,42239.0,16.0,42239.0,16.0,2016-04-15
870,Too Late,Vanishing,38751.0,5.0,7000.0,1.0,2016-03-18
871,Sweet Bean,KL,38489.0,6.0,4630.0,1.0,2016-03-18
872,The Dark Horse,BG,37906.0,10.0,8152.0,2.0,2016-04-01
873,Trust Fund,Trans,36885.0,4.0,18023.0,4.0,2016-01-08
874,Vita Activa: The Spirit of Hannah Arendt,Zeit.,36192.0,1.0,13244.0,1.0,2016-04-06
875,Until Forever,Linn,35839.0,8.0,12445.0,5.0,2016-02-12
876,Mr. Right,FCW,34694.0,35.0,25369.0,35.0,2016-04-08
877,Eisenstein in Guanajuato,Strand,34282.0,5.0,9823.0,4.0,2016-02-05
878,Monster Hunt,FR,32766.0,45.0,21074.0,45.0,2016-01-22
879,Fireworks Wednesday,GMI,31243.0,3.0,6132.0,1.0,2016-03-18
880,Songs My Brothers Taught Me,KL,30217.0,4.0,3430.0,1.0,2016-03-02
881,Troublemakers: The Story of Land Art,FRun,28316.0,5.0,5424.0,4.0,2016-01-08
882,"Rabin, the Last Day",KL,27311.0,5.0,7940.0,1.0,2016-01-29
883,Anesthesia,IFC,26799.0,7.0,6747.0,1.0,2016-01-08
884,Valley of Love,Strand,26678.0,5.0,9849.0,2.0,2016-03-25
885,Papa (Luo shan ji dao dan ji hua),Jampa,26677.0,20.0,14644.0,20.0,2016-03-18
886,The Dog Wedding,25th Frame,26575.0,2.0,12132.0,1.0,2016-03-11
887,Los Sures,UnionDocs,26382.0,1.0,26382.0,1.0,2016-04-15
888,The New Year's Eve of Old Lee,CL,25358.0,6.0,15519.0,6.0,2016-02-12
889,Standing Tall (La tete haute),Cohen,24013.0,5.0,7488.0,2.0,2016-04-01
890,Southbound,Orch.,23665.0,25.0,6250.0,4.0,2016-02-05
891,Take Me to the River (2016),FM,23472.0,11.0,1509.0,1.0,2016-03-18
892,Sanam Teri Kasam,Eros,22121.0,32.0,22121.0,32.0,2016-02-05
893,Already Tomorrow in Hong Kong,Grav.,21206.0,11.0,14966.0,10.0,2016-02-12
894,Band of Robbers,Grav.,20555.0,11.0,14827.0,11.0,2016-01-15
895,"Kill Me, Deadly",Indic.,19960.0,2.0,11600.0,2.0,2016-04-01
896,Ktown Cowboys,Free,18863.0,4.0,12523.0,4.0,2016-03-18
897,Lolo,FR,18786.0,8.0,4242.0,1.0,2016-03-11
898,No Home Movie,Icar.,18709.0,4.0,,,2016-02-18
899,I Knew Her Well,Jan.,18010.0,1.0,9312.0,1.0,2016-02-05
900,Revelation: Dawn of Global Government,RM,14975.0,2.0,14975.0,2.0,2016-04-15
901,Remember You,CJ,14814.0,2.0,,,2016-01-15
902,Lamb (2016),Orch.,14547.0,43.0,3150.0,2.0,2016-01-08
903,Yosemite,Mont.,13931.0,4.0,4461.0,2.0,2016-01-01
904,A Space Program,Zeit.,13739.0,1.0,10247.0,1.0,2016-03-18
905,Late Spring (2016 re-release),Jan.,13254.0,1.0,6456.0,1.0,2016-03-04
906,City of Women (2016 re-issue),Cohen,12516.0,1.0,6244.0,1.0,2016-02-19
907,Neon Bull,KL,12490.0,4.0,6413.0,1.0,2016-04-08
908,Jeruzalem,EpicPics,11287.0,1.0,11287.0,1.0,2016-01-22
909,Of Mind and Music,Mont.,10847.0,3.0,932.0,1.0,2016-02-12
910,The Measure of a Man,KL,10011.0,2.0,10011.0,2.0,2016-04-15
911,River of Grass,Osci.,8846.0,2.0,2942.0,1.0,2016-03-11
912,Providence,MS,8556.0,7.0,6193.0,7.0,2016-02-12
913,We Are Twisted F***ing Sister!,MBox,8277.0,8.0,5804.0,6.0,2016-02-19
914,Mojave,A24,8253.0,26.0,3303.0,26.0,2016-01-22
915,They Will Have to Kill Us First,BBC,7516.0,2.0,4106.0,2.0,2016-03-04
916,The Preppie Connection,IFC,7138.0,2.0,5576.0,2.0,2016-03-18
917,The Brainwashing of My Dad,JSenko,7028.0,2.0,,,2016-03-18
918,Boom Bust Boom,BSM,6896.0,1.0,,,2016-03-11
919,Our Last Tango,Strand,6550.0,1.0,6550.0,1.0,2016-04-15
920,Talent Has Hunger,FRun,6418.0,1.0,3709.0,1.0,2016-03-11
921,Time Changer (2016 re-release),5&2,6168.0,2.0,2320.0,1.0,2016-02-12
922,Time Renegades,CJ,6068.0,1.0,6068.0,1.0,2016-04-15
923,Adderall Diaries,A24,5517.0,30.0,5517.0,30.0,2016-04-15
924,The Channel,Indic.,5116.0,1.0,4214.0,1.0,2016-04-08
925,A Perfect Day,IFC,5002.0,3.0,,2.0,2016-01-15
926,Automatic Hate,FM,4603.0,3.0,2346.0,1.0,2016-03-11
927,Synchronicity,Magn.,4505.0,5.0,2859.0,5.0,2016-01-22
928,Hot Water,Indic.,3028.0,2.0,1512.0,2.0,2016-03-11
929,The Dying of the Light,FRun,3006.0,1.0,996.0,1.0,2016-04-07
930,Mad Tiger,FM,2888.0,2.0,1119.0,1.0,2016-03-20
931,Marinoni: The Fire in the Frame,FRun,2772.0,3.0,488.0,2.0,2016-04-01
932,Wedding Doll,Strand,2771.0,3.0,2771.0,3.0,2016-04-15
933,White Lies,Artma,2760.0,2.0,1740.0,2.0,2016-03-04
934,Mekong Hotel,Strand,2502.0,3.0,999.0,1.0,2016-03-04
935,Burning Bodhi,Mont.,2413.0,10.0,1474.0,5.0,2016-03-18
936,I Don't Belong Anywhere: The Cinema of Chantal Akerman,Icar.,1893.0,2.0,389.0,2.0,2016-03-28
937,Miss India America,MarVista,1598.0,3.0,687.0,3.0,2016-03-24
938,Hyena Road,Gold.,1430.0,10.0,1430.0,10.0,2016-03-11
939,Yalom's Cure,FRun,1164.0,1.0,684.0,1.0,2016-03-11
940,In Harmony,Distrib.,809.0,1.0,809.0,1.0,2016-04-15
941,Next Time I'll Aim for the Heart,Distrib.,714.0,1.0,310.0,1.0,2016-04-01
942,Memoria,Mont.,134.0,1.0,47.0,1.0,2016-04-08
943,,,,,,,
944,"$2,385,378,982",-,,,,,
945,"$12,108,523",-,,,,,
946,,,,,,,
947,"Data as of:  Today  Today in 2016  Jan. 31, 2016  Feb. 29, 2016  Mar. 31, 2016  Apr. 30, 2016  May 31, 2016  Jun. 30, 2016  Jul. 31, 2016  Aug. 31, 2016  Sep. 30, 2016  Oct. 31, 2016  Nov. 30, 2016  Dec. 31, 2016  Specify Date  About this feature  or (  Month  Jan.  Feb.  Mar.  Apr.  May  Jun.  Jul.  Aug.  Sep.  Oct.  Nov.  Dec.  / Day  1  2  3  4  5  6  7  8  9  10  11  12  13  14  15  16  17  18  19  20  21  22  23  24  25  26  27  28  29  30  31  / 2016  2017  )","Data as of:  Today  Today in 2016  Jan. 31, 2016  Feb. 29, 2016  Mar. 31, 2016  Apr. 30, 2016  May 31, 2016  Jun. 30, 2016  Jul. 31, 2016  Aug. 31, 2016  Sep. 30, 2016  Oct. 31, 2016  Nov. 30, 2016  Dec. 31, 2016  Specify Date  About this feature  or (  Month  Jan.  Feb.  Mar.  Apr.  May  Jun.  Jul.  Aug.  Sep.  Oct.  Nov.  Dec.  / Day  1  2  3  4  5  6  7  8  9  10  11  12  13  14  15  16  17  18  19  20  21  22  23  24  25  26  27  28  29  30  31  / 2016  2017  )",,,,,
948,,,,,,,
